{
  "Settings": {
    //"devconn": "Server=tcp:nrosenberg.database.windows.net,1433;Initial Catalog=HeartyHearthDB;Persist Security Info=False;MultipleActiveResultSets=False;Encrypt=True;TrustServerCertificate=False;Connection Timeout=30;",
    //"devconn-local": "Server=.\\SQLExpress01;Database=HeartyHearthDB;Trusted_Connection=True;",
    //"liveconn": "Server=tcp:nrosenberg.database.windows.net,1433;Initial Catalog=HeartyHearthDB;Persist Security Info=False;User Id=appadmin;Password=Nissi@23;MultipleActiveResultSets=False;Encrypt=True;TrustServerCertificate=False;Connection Timeout=30;"
    "liveconn": "Server=tcp:miss-issippi.database.windows.net,1433;Initial Catalog=Miss_Issippi_DB-Dev;Persist Security Info=False;User ID=miss_issippi_admin;Password=Frills101;MultipleActiveResultSets=False;Encrypt=True;TrustServerCertificate=False;Connection Timeout=30;",
    "devconn-local": "Server=.\\SQLExpress;Database=MissIssippiDB;Trusted_Connection=True;"

  }
}